1632639475000,33,91bf254f-a50d-425a-94a7-85e50ecddabe,9a7562a1-8026-4337-9e64-f830d1c54796
1635089031000,1,99aace93-07a4-41da-8463-eef0915b4310,95ed511b-73d2-40e0-b887-84a8ebf1f32a
1620229754000,45,12a3e3e7-052b-4361-aac9-fd9cc36a6054,f8ba8ad4-cc28-43e3-9d36-e7cddd7485de
1633340204000,31,1947c59b-37ce-4703-aec1-02490ab9581f,41267812-6d1d-4eb1-a181-9ef4be0ae85b
1616803188000,78,038e404f-f1a5-494f-9d17-323a7a266bb1,bfd88b0c-d66f-46c7-9d09-7ca5d094818a
1633634664000,91,cc72c2da-e0af-4682-b9c8-7fcec464e395,5ff5bc89-12e6-4da1-8147-2c2750925831
1627783866000,23,aa6d52f2-2ea4-4eee-b6dc-36706bb65a01,9b4e1fda-748c-452d-ac46-865e1c690993
1635364432000,7,bbb0b753-3711-4416-b78d-b435aaacbbcb,7d1047fb-8fee-4806-9adf-b76ba55ad012
1632714099000,80,6234a799-0d3f-488b-8f02-7419f2fca811,0acc710d-dca1-4aea-a183-0fee814f9d73
1620242726000,6,eb6f6d66-32a2-479a-a738-5056356a8599,6e06f673-a39e-4332-ae5c-50d850d6a009
